{"cameraMode":{"drawMode":0,"name":"Shaded","section":"Shading Mode"},"sceneLighting":false,"audioPlay":false,"sceneViewState":{"showFog":true,"showMaterialUpdate":false,"showSkybox":true,"showFlares":true,"showImageEffects":true,"showParticleSystems":true},"in2DMode":false,"pivot":{"x":-12.287849426269532,"y":2.109921455383301,"z":42.730873107910159},"rotation":{"x":0.22272691130638123,"y":0.685276985168457,"z":-0.23381103575229646,"w":0.6527791023254395},"size":3.4301435947418215,"orthographic":false}