{"cameraMode":{"drawMode":0,"name":"Shaded","section":"Shading Mode"},"sceneLighting":false,"audioPlay":false,"sceneViewState":{"showFog":true,"showMaterialUpdate":false,"showSkybox":true,"showFlares":true,"showImageEffects":true,"showParticleSystems":true},"in2DMode":false,"pivot":{"x":-24.143999099731447,"y":8.265999794006348,"z":91.83799743652344},"rotation":{"x":-0.13360515236854554,"y":0.5323111414909363,"z":-0.0855279341340065,"w":-0.8315524458885193},"size":6.958361625671387,"orthographic":false}