{"cameraMode":{"drawMode":0,"name":"Shaded","section":"Shading Mode"},"sceneLighting":false,"audioPlay":false,"sceneViewState":{"showFog":true,"showMaterialUpdate":false,"showSkybox":true,"showFlares":true,"showImageEffects":true,"showParticleSystems":true},"in2DMode":false,"pivot":{"x":-12.273811340332032,"y":2.1375746726989748,"z":44.79167556762695},"rotation":{"x":0.22272691130638123,"y":0.685276985168457,"z":-0.23381103575229646,"w":0.6527791023254395},"size":3.4200685024261476,"orthographic":false}