{"cameraMode":{"drawMode":0,"name":"Shaded","section":"Shading Mode"},"sceneLighting":false,"audioPlay":false,"sceneViewState":{"showFog":true,"showMaterialUpdate":false,"showSkybox":true,"showFlares":true,"showImageEffects":true,"showParticleSystems":true},"in2DMode":false,"pivot":{"x":0.15497541427612306,"y":2.0511579513549806,"z":-7.611356258392334},"rotation":{"x":-0.032717008143663409,"y":-0.9655959606170654,"z":0.20915158092975617,"w":-0.15102869272232057},"size":17.616924285888673,"orthographic":false}