{"cameraMode":{"drawMode":0,"name":"Shaded","section":"Shading Mode"},"sceneLighting":false,"audioPlay":false,"sceneViewState":{"showFog":true,"showMaterialUpdate":false,"showSkybox":true,"showFlares":true,"showImageEffects":true,"showParticleSystems":true},"in2DMode":false,"pivot":{"x":-10.58239459991455,"y":2.174492835998535,"z":44.74920654296875},"rotation":{"x":0.22272691130638123,"y":0.685276985168457,"z":-0.23381103575229646,"w":0.6527791023254395},"size":3.3949573040008547,"orthographic":false}