{"cameraMode":{"drawMode":0,"name":"Shaded","section":"Shading Mode"},"sceneLighting":false,"audioPlay":false,"sceneViewState":{"showFog":true,"showMaterialUpdate":false,"showSkybox":true,"showFlares":true,"showImageEffects":true,"showParticleSystems":true},"in2DMode":false,"pivot":{"x":-11.417242050170899,"y":2.240062713623047,"z":44.38495635986328},"rotation":{"x":0.22272691130638123,"y":0.685276985168457,"z":-0.23381103575229646,"w":0.6527791023254395},"size":3.6506314277648927,"orthographic":false}