{"cameraMode":{"drawMode":0,"name":"Shaded","section":"Shading Mode"},"sceneLighting":false,"audioPlay":false,"sceneViewState":{"showFog":true,"showMaterialUpdate":false,"showSkybox":true,"showFlares":true,"showImageEffects":true,"showParticleSystems":true},"in2DMode":false,"pivot":{"x":-94.28099822998047,"y":13.913000106811524,"z":-26.14699935913086},"rotation":{"x":-0.20881421864032746,"y":-0.1132378950715065,"z":0.02434830367565155,"w":-0.9710721373558044},"size":6.645235538482666,"orthographic":false}