{"cameraMode":{"drawMode":0,"name":"Shaded","section":"Shading Mode"},"sceneLighting":false,"audioPlay":false,"sceneViewState":{"showFog":true,"showMaterialUpdate":false,"showSkybox":true,"showFlares":true,"showImageEffects":true,"showParticleSystems":true},"in2DMode":false,"pivot":{"x":-10.571446418762207,"y":2.191128730773926,"z":43.34697723388672},"rotation":{"x":0.22272691130638123,"y":0.685276985168457,"z":-0.23381103575229646,"w":0.6527791023254395},"size":3.5761866569519045,"orthographic":false}