{"cameraMode":{"drawMode":0,"name":"Shaded","section":"Shading Mode"},"sceneLighting":false,"audioPlay":false,"sceneViewState":{"showFog":true,"showMaterialUpdate":false,"showSkybox":true,"showFlares":true,"showImageEffects":true,"showParticleSystems":true},"in2DMode":false,"pivot":{"x":0.032389283180236819,"y":-0.46571308374404909,"z":-0.31999969482421877},"rotation":{"x":0.022420987486839296,"y":-0.4554913640022278,"z":-0.011477906256914139,"w":-0.889883816242218},"size":3.716670513153076,"orthographic":false}