{"cameraMode":{"drawMode":0,"name":"Shaded","section":"Shading Mode"},"sceneLighting":false,"audioPlay":false,"sceneViewState":{"showFog":true,"showMaterialUpdate":false,"showSkybox":true,"showFlares":true,"showImageEffects":true,"showParticleSystems":true},"in2DMode":false,"pivot":{"x":0.15497636795043946,"y":3.190000057220459,"z":11.632859230041504},"rotation":{"x":-0.07706313580274582,"y":-0.25543665885925295,"z":0.020426124334335328,"w":-0.9635332226753235},"size":17.616924285888673,"orthographic":false}