{"cameraMode":{"drawMode":0,"name":"Shaded","section":"Shading Mode"},"sceneLighting":true,"audioPlay":false,"sceneViewState":{"showFog":true,"showMaterialUpdate":false,"showSkybox":true,"showFlares":true,"showImageEffects":true,"showParticleSystems":true},"in2DMode":false,"pivot":{"x":-5.081286430358887,"y":0.0500030517578125,"z":5.719757080078125},"rotation":{"x":-0.2351703941822052,"y":0.722013533115387,"z":-0.2919885814189911,"w":-0.5814930200576782},"size":127.50824737548828,"orthographic":false}