{"cameraMode":{"drawMode":0,"name":"Shaded","section":"Shading Mode"},"sceneLighting":false,"audioPlay":false,"sceneViewState":{"showFog":true,"showMaterialUpdate":false,"showSkybox":true,"showFlares":true,"showImageEffects":true,"showParticleSystems":true},"in2DMode":false,"pivot":{"x":0.005895137786865234,"y":0.8974406719207764,"z":0.026838839054107667},"rotation":{"x":0.0015064053004607559,"y":-0.992479145526886,"z":0.012215509079396725,"w":0.1217942163348198},"size":3.543726682662964,"orthographic":false}